TP,FP,TN,FN,precision,recall,F1,AUC_ROC,total_params
17030,235,25239,8696,0.9863886475528469,0.6619762108372828,0.7922588448264417,0.8794142965679544,32023824
