TP,FP,TN,FN,precision,recall,F1,AUC_ROC,total_params
17348,2572,22884,8396,0.8708835341365418,0.6738657551274058,0.7598107918218682,0.8391193684860611,85673473
