TP,FP,TN,FN,precision,recall,F1,AUC_ROC,total_params
20437,718,24720,5325,0.9660600330890997,0.793300209611052,0.8711980731435641,0.9179176593506929,85673473
