TP,FP,TN,FN,precision,recall,F1,AUC_ROC
18509,577,28407,10107,0.9697684166404644,0.6468059826670371,0.7760261623770479,0.858151620468343
