TP,FP,TN,FN,precision,recall,F1,AUC_ROC,total_params
21511,1636,23940,4113,0.9293212943361951,0.839486418982201,0.882122572790543,0.9265532789491095,88131073
