TP,FP,TN,FN,precision,recall,F1,AUC_ROC,total_params
17941,14,25398,7847,0.999220272904478,0.6957111834961971,0.8202912465510556,0.8991699301482613,32023824
