TP,FP,TN,FN,precision,recall,F1,AUC_ROC,total_params
20993,543,25013,4651,0.974786404160471,0.8186320386835095,0.889910979178862,0.9274185528377981,86595073
