TP,FP,TN,FN,precision,recall,F1,AUC_ROC
21472,4069,24575,7484,0.8406875220234101,0.7415388865865425,0.7880066792169421,0.860216796556666
