TP,FP,TN,FN,precision,recall,F1,AUC_ROC,total_params
25515,25685,0,0,0.498339843749999,0.9999999999999961,0.6651893371126129,0.724333534895912,445065761
