TP,FP,TN,FN,precision,recall,F1,AUC_ROC
20010,42,25649,5499,0.997905445840809,0.7844290250499794,0.8783828273689,0.9250062432616968
