TP,FP,TN,FN,precision,recall,F1,AUC_ROC
13269,1582,17611,5938,0.893475186856098,0.690841880564374,0.779200187865547,0.8491349395280274
