TP,FP,TN,FN,precision,recall,F1,AUC_ROC
20936,465,28323,7876,0.9782720433624552,0.7266416770789924,0.8338876386103972,0.8953007883913406
