TP,FP,TN,FN,precision,recall,F1,AUC_ROC
15103,55,25573,10469,0.99637155297532,0.5906069138119796,0.7416155167713353,0.8717585545992796
