TP,FP,TN,FN,precision,recall,F1,AUC_ROC
20397,1049,24559,5195,0.951086449687583,0.797006877149106,0.867256260845831,0.9164170206461935
