TP,FP,TN,FN,precision,recall,F1,AUC_ROC
15806,1715,17268,3611,0.902117459049136,0.8140289437091167,0.8558124424212951,0.9099780258660483
