TP,FP,TN,FN,precision,recall,F1,AUC_ROC,total_params
21136,17,25554,4493,0.9991963314896186,0.8246907799758055,0.903595399890602,0.9424510214068507,445065761
