TP,FP,TN,FN,precision,recall,F1,AUC_ROC,total_params
18388,964,24711,7137,0.9501860272839968,0.7203917727717896,0.8194843683356384,0.8792289987789987,85308673
