TP,FP,TN,FN,precision,recall,F1,AUC_ROC,total_params
16410,4307,21390,9093,0.7921031037312315,0.6434537113280766,0.7100822154416625,0.7961655231029757,85308673
