TP,FP,TN,FN,precision,recall,F1,AUC_ROC
16318,259,25269,9354,0.9843759425710263,0.6356341539420356,0.7724679873602995,0.8687496697971926
