TP,FP,TN,FN,precision,recall,F1,AUC_ROC
16142,316,25305,9437,0.9807996111313588,0.6310645451346784,0.767990103908389,0.8658335007964375
