TP,FP,TN,FN,precision,recall,F1,AUC_ROC,total_params
21332,918,24714,4236,0.9587415730337037,0.8343241551939893,0.8922163201643823,0.9290379952103489,85808641
