TP,FP,TN,FN,precision,recall,F1,AUC_ROC
12810,1471,17863,6256,0.8969960086828591,0.6718766390433197,0.768285003099734,0.8454249008504765
