TP,FP,TN,FN,precision,recall,F1,AUC_ROC,total_params
17880,283,25510,7527,0.9844188735341025,0.7037430629354088,0.8207482212045344,0.8915946500407388,72023824
