TP,FP,TN,FN,precision,recall,F1,AUC_ROC,total_params
12676,537,17346,5281,0.959358207825619,0.7059085593361881,0.8133461661365877,0.8818425457181196,2023824
