TP,FP,TN,FN,precision,recall,F1,AUC_ROC,total_params
20850,1524,24124,4702,0.931885223920618,0.8159830932999342,0.8700913908445116,0.9191638111968012,88131073
