TP,FP,TN,FN,precision,recall,F1,AUC_ROC,total_params
11935,5828,12079,5998,0.6719022687609038,0.6655328165951003,0.668702375566313,0.731233182954951,85385473
