TP,FP,TN,FN,precision,recall,F1,AUC_ROC,total_params
12215,1200,16707,5718,0.9105478941483346,0.681146489711701,0.7793160647717559,0.8529491838094843,85385473
