TP,FP,TN,FN,precision,recall,F1,AUC_ROC,total_params
17827,281,25294,7798,0.9844819969074389,0.6956878048780462,0.8152653602057438,0.8893262507758938,18023824
