TP,FP,TN,FN,precision,recall,F1,AUC_ROC
21736,30,28781,7053,0.9986217035743775,0.7550105943242185,0.8598951636340788,0.9166421807649786
