TP,FP,TN,FN,precision,recall,F1,AUC_ROC,total_params
21138,1712,23779,4571,0.9250765864332564,0.8222023415924353,0.8706110092378404,0.9174609197359835,86057473
