TP,FP,TN,FN,precision,recall,F1,AUC_ROC,total_params
17960,640,25089,7511,0.9655913978494572,0.7051156216874065,0.8150484445065882,0.885766949832878,8023824
