TP,FP,TN,FN,precision,recall,F1,AUC_ROC
28078,27742,1105,675,0.5030096739519876,0.9765241887802979,0.6639944189777393,0.6406077547532435
