TP,FP,TN,FN,precision,recall,F1,AUC_ROC,total_params
16170,3622,21763,9645,0.8169967663702465,0.6263800116211481,0.7091016729396644,0.8004966380270728,85443073
