TP,FP,TN,FN,precision,recall,F1,AUC_ROC,total_params
19154,1280,24491,6275,0.9373593031222427,0.7532344960478166,0.8352702613813725,0.8932346043270167,85443073
