TP,FP,TN,FN,precision,recall,F1,AUC_ROC,total_params
8770,0,25597,16833,0.9999999999999886,0.3425379838300186,0.5102842346810991,0.8208975070331436,32272359
