TP,FP,TN,FN,precision,recall,F1,AUC_ROC
20225,323,25385,5267,0.9842807085847725,0.7933861603640328,0.8785838400895823,0.9213029020809377
