TP,FP,TN,FN,precision,recall,F1,AUC_ROC,total_params
25617,25583,0,0,0.500332031249999,0.9999999999999961,0.6669617401953345,0.8317239109219753,445065761
