TP,FP,TN,FN,precision,recall,F1,AUC_ROC
16084,136,25567,9413,0.9916152897657152,0.6308193120759281,0.7711005105356845,0.8768624195485932
