TP,FP,TN,FN,precision,recall,F1,AUC_ROC
20760,3450,25356,8034,0.857496902106564,0.7209835382371302,0.7833371065838327,0.8547440487205654
