TP,FP,TN,FN,precision,recall,F1,AUC_ROC
19223,19177,0,0,0.500598958333332,0.9999999999999949,0.6671988615212298,0.3365925538668104
