TP,FP,TN,FN,precision,recall,F1,AUC_ROC
13815,2384,15551,4090,0.8528304216309596,0.7715721865400684,0.8101688950943849,0.873930323330551
