TP,FP,TN,FN,precision,recall,F1,AUC_ROC
20796,2168,23491,4745,0.9055913603901721,0.8142202732860859,0.8574786104026683,0.9118969448585075
