TP,FP,TN,FN,precision,recall,F1,AUC_ROC
11790,444,17451,6155,0.9637076998528612,0.6570075229869008,0.7813380164533262,0.8677461034042891
