TP,FP,TN,FN,precision,recall,F1,AUC_ROC
19015,1818,23592,6775,0.9127346037536558,0.7373012795657203,0.8156918258733895,0.8841011818876511
