TP,FP,TN,FN,precision,recall,F1,AUC_ROC,total_params
17873,403,25270,7654,0.9779492230247266,0.700160614251574,0.8160628266983928,0.884743133255641,46103824
