TP,FP,TN,FN,precision,recall,F1,AUC_ROC,total_params
21431,691,24935,4143,0.9687641262091992,0.8379995307734386,0.8986497819026231,0.9363697717614909,86057473
