TP,FP,TN,FN,precision,recall,F1,AUC_ROC
20008,307,25165,5720,0.9848880137829142,0.7776741293532309,0.8691006232810525,0.9115027418836299
