TP,FP,TN,FN,precision,recall,F1,AUC_ROC,total_params
20364,714,25056,5066,0.9661258183888369,0.8007864726700716,0.8757203061343164,0.915980254026179,85539073
