TP,FP,TN,FN,precision,recall,F1,AUC_ROC,total_params
16666,1,25669,8864,0.9999400011999701,0.6528006267136677,0.7899139748793298,0.8841503850249457,85539073
