TP,FP,TN,FN,precision,recall,F1,AUC_ROC,total_params
20550,65,25497,5088,0.9968469560999225,0.8015445822607037,0.8885910102634305,0.9277811670189968,445065761
