TP,FP,TN,FN,precision,recall,F1,AUC_ROC,total_params
17714,231,25240,8015,0.9871273335190807,0.688483812040885,0.81119201350656,0.8839496336996338,288023824
