TP,FP,TN,FN,precision,recall,F1,AUC_ROC
3520,669,3847,924,0.8402960133683256,0.7920792079207742,0.8154755009346187,0.8830848651738514
