TP,FP,TN,FN,precision,recall,F1,AUC_ROC,total_params
20283,1363,24270,5284,0.9370322461424702,0.793327336019084,0.8592125049807355,0.9101891922166396,85539073
