TP,FP,TN,FN,precision,recall,F1,AUC_ROC,total_params
17025,2501,23252,8422,0.8719143705828083,0.6690376075765291,0.7571209391810683,0.8363517631002635,85539073
