TP,FP,TN,FN,precision,recall,F1,AUC_ROC,total_params
13904,939,16995,4002,0.9367378562285189,0.7764994973751772,0.8491251640775812,0.8988574561403508,85385473
