TP,FP,TN,FN,precision,recall,F1,AUC_ROC,total_params
13374,1198,16730,4538,0.9177875377436115,0.7466502903081692,0.8234207609405494,0.8804535568703018,85385473
