TP,FP,TN,FN,precision,recall,F1,AUC_ROC
20754,356,25245,4845,0.9831359545239178,0.8107347943279003,0.8886510093918933,0.9287543054600087
