TP,FP,TN,FN,precision,recall,F1,AUC_ROC
11956,234,18943,7267,0.9808039376538066,0.6219632731623544,0.7612135102826196,0.8596231438276993
