TP,FP,TN,FN,precision,recall,F1,AUC_ROC,total_params
20991,1840,23864,4505,0.919407822697206,0.8233056165673015,0.8687069339621915,0.9166099042198567,85808641
