TP,FP,TN,FN,precision,recall,F1,AUC_ROC
20838,1109,24470,4783,0.949469175741555,0.81331720073377,0.8761352169028679,0.9189973532507677
