TP,FP,TN,FN,precision,recall,F1,AUC_ROC
20241,154,25377,5428,0.9924491296886444,0.7885387042736345,0.8788207710517285,0.9250247398201985
