TP,FP,TN,FN,precision,recall,F1,AUC_ROC,total_params
17645,251,25281,8023,0.9859745194456808,0.6874318217235442,0.8100725369087083,0.88135546875,4523824
