TP,FP,TN,FN,precision,recall,F1,AUC_ROC,total_params
13202,0,25538,12460,0.9999999999999925,0.5144571740316402,0.6793948126352511,0.8649225891279542,32111591
