TP,FP,TN,FN,precision,recall,F1,AUC_ROC
12107,428,18629,7236,0.96585560430793,0.6259111823398614,0.7595834117096005,0.8570435280574686
