TP,FP,TN,FN,precision,recall,F1,AUC_ROC
19180,1320,24293,6407,0.9356097560975565,0.7495994059483303,0.8323388373667967,0.8866282866125756
