TP,FP,TN,FN,precision,recall,F1,AUC_ROC
21400,2737,26127,7336,0.8866056262170077,0.7447104677060108,0.8094868836150056,0.8750618769934513
