TP,FP,TN,FN,precision,recall,F1,AUC_ROC
18960,0,28692,9948,0.9999999999999948,0.6558738065587358,0.7921784908019932,0.9161271101063516
