TP,FP,TN,FN,precision,recall,F1,AUC_ROC
22897,1174,27719,5810,0.9512276182958708,0.7976103389417188,0.8676721360677042,0.9134447680167326
