TP,FP,TN,FN,precision,recall,F1,AUC_ROC
16103,137,25606,9354,0.9915640394088608,0.6325568605884409,0.7723817060703856,0.8725041937097027
