TP,FP,TN,FN,precision,recall,F1,AUC_ROC
15712,56,25640,9792,0.9964485032978121,0.6160602258469235,0.7613878658182565,0.8740938005872021
