TP,FP,TN,FN,precision,recall,F1,AUC_ROC
19013,19387,0,0,0.49513020833333204,0.9999999999999948,0.6623238638889545,0.8174998267997052
