TP,FP,TN,FN,precision,recall,F1,AUC_ROC
16176,197,25231,9596,0.9879679960911196,0.62765792332764,0.7676355439078753,0.8669166948528194
