TP,FP,TN,FN,precision,recall,F1,AUC_ROC
22359,178,28771,6292,0.9921018769135157,0.7803916093679077,0.8736031881979555,0.9192441359701276
