TP,FP,TN,FN,precision,recall,F1,AUC_ROC,total_params
25472,25728,0,0,0.497499999999999,0.9999999999999961,0.6644407345132242,0.7953796058811347,445065761
