TP,FP,TN,FN,precision,recall,F1,AUC_ROC
13572,398,17519,4351,0.9715103793843882,0.7572393014562253,0.8510958517050663,0.9049078417082453
