TP,FP,TN,FN,precision,recall,F1,AUC_ROC,total_params
22432,1213,24484,3071,0.9486995136392432,0.8795827941810733,0.9128347032950666,0.9449344722007611,445065761
