TP,FP,TN,FN,precision,recall,F1,AUC_ROC,total_params
21846,653,24855,3846,0.9709764878438999,0.8503035964502537,0.9066423190554428,0.939626608879562,86595073
