TP,FP,TN,FN,precision,recall,F1,AUC_ROC,total_params
18139,417,25195,7449,0.9775274843716266,0.7088869782710618,0.8218104385159624,0.882660116764163,32023824
