TP,FP,TN,FN,precision,recall,F1,AUC_ROC
21671,3078,25618,7233,0.8756313386399416,0.7497578189869889,0.8078206250784352,0.8756281313824616
