TP,FP,TN,FN,precision,recall,F1,AUC_ROC
20423,613,28239,8325,0.9708594789883963,0.7104146375400003,0.8204644061861316,0.8844617387448659
