TP,FP,TN,FN,precision,recall,F1,AUC_ROC
19308,265,28628,9399,0.9864609410923161,0.672588567248404,0.7998342998689362,0.8764620569544881
