TP,FP,TN,FN,precision,recall,F1,AUC_ROC,total_params
14125,3,25420,11652,0.9997876557191322,0.5479691197579216,0.7079313368794546,0.8687138855064954,32059649
