TP,FP,TN,FN,precision,recall,F1,AUC_ROC,total_params
17299,1656,23876,8369,0.912635188604585,0.6739520024933744,0.7753400712148263,0.8502168066289666,32023824
