TP,FP,TN,FN,precision,recall,F1,AUC_ROC,total_params
21459,1118,24312,4311,0.9504805775789479,0.8327124563445836,0.8877076136594416,0.9281877397810732,85673473
