TP,FP,TN,FN,precision,recall,F1,AUC_ROC,total_params
19175,855,24772,6398,0.9573140289565605,0.7498142572244135,0.8409534459959513,0.898694576575136,85673473
