TP,FP,TN,FN,precision,recall,F1,AUC_ROC
16280,415,25302,9203,0.9751422581611203,0.6388572774006176,0.7719664279478046,0.8644082478157218
