TP,FP,TN,FN,precision,recall,F1,AUC_ROC
22264,166,28756,6414,0.9925991975033394,0.7763442359997184,0.8712530327440443,0.919114628064868
