TP,FP,TN,FN,precision,recall,F1,AUC_ROC
18204,50,28894,10452,0.9972608743289089,0.6352596314907851,0.7761244936638174,0.8801646756784274
