TP,FP,TN,FN,precision,recall,F1,AUC_ROC
20216,1365,24392,5227,0.9367499189101481,0.7945603898911261,0.8598162639857198,0.9102489996313468
