TP,FP,TN,FN,precision,recall,F1,AUC_ROC,total_params
21330,209,25415,4246,0.9902966711546451,0.8339849859243008,0.9054441260248619,0.9388584907834643,445065761
