TP,FP,TN,FN,precision,recall,F1,AUC_ROC,total_params
19844,1485,24040,5831,0.9303764827230488,0.772891918208371,0.8443536719783364,0.8982208228445315,85308673
