TP,FP,TN,FN,precision,recall,F1,AUC_ROC,total_params
20831,1618,23736,5015,0.927925520067705,0.8059661069411097,0.8626565896593235,0.9118995056096543,85308673
