TP,FP,TN,FN,precision,recall,F1,AUC_ROC
19850,1195,24373,5782,0.9432169161320935,0.7744225967540544,0.8505259549175938,0.8972569250222983
