TP,FP,TN,FN,precision,recall,F1,AUC_ROC
12211,1259,16683,5687,0.9065330363771277,0.6822550005587179,0.7785641417515525,0.8509344772019432
