TP,FP,TN,FN,precision,recall,F1,AUC_ROC
19978,1535,24046,5641,0.9286477943568963,0.7798118583863509,0.8477467537482203,0.9034137796119072
