TP,FP,TN,FN,precision,recall,F1,AUC_ROC,total_params
20188,1221,24278,5513,0.9429679106917608,0.7854947278315989,0.857057949430352,0.9065350663502161,85443073
