TP,FP,TN,FN,precision,recall,F1,AUC_ROC,total_params
20965,1390,24222,4623,0.9378215164392713,0.819329373143658,0.8745802306408356,0.9184172082527534,85443073
