TP,FP,TN,FN,precision,recall,F1,AUC_ROC
19968,1875,23989,5368,0.9141601428375182,0.788127565519416,0.8464783059762568,0.9037663044769437
