TP,FP,TN,FN,precision,recall,F1,AUC_ROC
19894,199,25259,5848,0.9900960533519088,0.7728226245046975,0.8680702519415925,0.9172323470223731
