TP,FP,TN,FN,precision,recall,F1,AUC_ROC,total_params
17948,186,25246,7820,0.9897430241535184,0.6965228190003078,0.8176392874554943,0.8947311042314574,128023824
