TP,FP,TN,FN,precision,recall,F1,AUC_ROC
22105,3695,24951,6849,0.8567829457364309,0.763452372729154,0.8074295941350628,0.8745878637704683
