TP,FP,TN,FN,precision,recall,F1,AUC_ROC,total_params
18086,637,24976,7501,0.9659776745179675,0.7068433188728624,0.8163394267171633,0.8688144800812188,445065761
