TP,FP,TN,FN,precision,recall,F1,AUC_ROC
20164,2866,22736,5434,0.8755536257055977,0.7877177904523761,0.8293164431515838,0.890876611947605
